Level,Position,Type,Name,Description,Pattern,en.name,en.description,he.name,he.description,ru.name,ru.description,de.name,de.description,es.name,es.description,tr.name,tr.description,ua.name,ua.description
1,1,ARTICLE,001 Ein Od Milvado,,bs-shamati-001-ein-od-milvado,1. There is None Else Beside Him,,א. אין עוד מלבדו,,1. Нет никого кроме Него,,1. Es gibt nichts außer Ihm,,1. No existe nadie más que Él,,1. Ondan Başkası Yok,,1. Немає нікого крім Нього,
1,2,ARTICLE,002 Shchinta Be Galuta,,bs-shamati-002-shchinta-be-galuta,2. Divinity in Exile,,ב. ענין שכינתא בגלותא,,2. Шхина в изгнании,,2. Shechina im Exil,,2. La Shejiná en exilio,,2. Sürgündeki ilahilik,,2. Шхіна у вигнанні,
1,3,ARTICLE,003 Asaga Ruchanit,,bs-shamati-003-asaga-ruchanit,3. The Matter of Spiritual Attainment,,ג. ענין ההשגה הרוחנית,,3. Суть духовного постижения,,3. Das Wesen der spirituellen Erkenntnis,,3. Acerca del logro espiritual,,3. Manevi Edinimin Özü,,3. Суть духовного осягнення,
1,4,ARTICLE,004 Sibat Kvedut,,bs-shamati-004-sibat-kvedut,4. What Is the Reason for the Heaviness One Feels when Annulling before the Creator in the Work,,"ד. מהו סיבת הכבידות, שהאדם מרגיש בבטול לה', בעבודה",,4. Причина трудности аннулировать себя ради Творца,,"4. Was ist der Grund für die Schwere, die der Mensch in der Annullierung vor dem Schöpfer sprürt?",,4. ¿Cuál es la razón de la pesadumbre que uno siente al anularse ante el Creador durante el trabajo?,,4. Kişi çalışmada Yaratanın önünde kendini iptal ederken hissettiği ağırlığın sebebi nedir,,4. Причина важкості анулювати себе заради Творця,
1,5,ARTICLE,005 Lishma,,bs-shamati-005-lishma,"5. Lishma Is an Awakening from Above, and Why Do We Need an Awakening from Below",,ה. לשמה זהו אתערותא דלעילא. ולמה צריכים אתערותא דלתתא?,,"5. Лишма – это пробуждение свыше, и почему нужно пробуждение снизу",,"5. LiShma bedeutet Erwachen von Oben , und warum brauchen wir ein Erwachen von unten?",,"5. Lishmá es un despertar desde Arriba, y ¿por qué necesitamos un despertar desde abajo?",,5. Lişma yukarından bir uyanıştır ve neden aşağıdan bir uyanışa ihtiyacımız var,,"5. Лішма - це пробудження зверху, і чому необхідне пробудження знизу",
1,6,ARTICLE,006 Samechin Be Tora,,bs-shamati-006-samechin-be-tora,"6. What Is Support in the Torah, in the Work",,"ו. מהו סמכין בתורה, בעבודה",,"6. Помощь, которую оказывает Тора в духовной работе",,"6. Was ist ""Stütze durch die Tora"" in der Arbeit bedeutet",,6. ¿Qué significa “apoyo en la Torá” durante el trabajo?,,6. Çalışmada Toradaki destek nedir,,"6. Допомога, яку надає Тора в духовній роботі",
1,7,ARTICLE,007 Ergel Naasa,,bs-shamati-007-ergel-naasa,"7. What Is the Habit Becomes a Second Nature, in the Work",,"ז. מהו, ההרגל נעשה טבע שני, בעבודה",,"7. Что означает в работе, когда привычка становится второй натурой",,"7. Was es in der spirituellen Arbeit, wenn die Gewohnheit zur zweiten Natur wird",,7. ¿Qué quiere decir que el hábito se convierte en una segunda naturaleza?,,7. Çalışmada alışkanlık ikinci doğa olur,,"7. Що означає в роботі, коли звичка стає другою натурою",
1,8,ARTICLE,008 Evdel Bein Tzel,,bs-shamati-008-evdel-bein-tzel,8. What Is the Difference between a Shade of Kedusha and a Shade of Sitra Achra,,"ח. מהו, הבדל בין צל דקדושה לצל דס""א",,8. Разница между святой тенью и тенью клипот,,8. Was ist der Unterschied zwischen dem Schatten der Heiligkeit (Kedusha) und dem Schatten von Sitra Achra?,,8. ¿Cuál es la diferencia entre “Sombra de Kedushá” y “Sombra de Sitra Ajra”?,,8. Keduşnın gölgesi ve Sitra Ahranın gölgei arasındaki fark nedir,,8. Різниця між святою тінню і тінню кліпот,
1,9,ARTICLE,009 Gimel Dvarim,,bs-shamati-009-gimel-dvarim,9. What Are Three Things that Broaden One’s Mind in the Work,,"ט. מהו, ג' דברים שמרחיבים דעתו של אדם, בעבודה",,"9. Три причины, увеличивающие разум человека",,"9. ""Drei Dinge, die den Verstand des Menschen erweitern""",,9. ¿Cuáles son las tres cosas que amplían la mente de uno durante el trabajo?,,9. Çalışmada kişinin aklını genişleten üç şey nedir,,"9. Три причини, що збільшують розум людини",
1,10,ARTICLE,010 Brach Dodi,,bs-shamati-010-brach-dodi,"10. What Is Make Haste My Beloved, in the Work",,"י. מהו, ברח דודי, בעבודה",,"10. Что означает ""скрылся мой друг"" в духовной работе",,"10. Was bedeutet ""Mein Freund gloh"" in der spirituellen Arbeit?",,"10. ¿Qué significa “Apresúrate, amado mío”, en el trabajo?",,10. Çalışmada sevgimi ne artırır,,"10. Що означає ""сховався мій друг"" в духовній роботі",
1,11,ARTICLE,011 Gila Be Raada,,bs-shamati-011-gila-be-raada,11. Joy with a Quiver,,"יא. ענין גילה ברעדה, בעבודה",,11. Радуйся в трепете,,11. Freude mit einem Erschauern,,11. Regocijo con estremecimiento,,,,11. Радій у трепеті,
1,12,ARTICLE,012 Avodat Adam,,bs-shamati-012-avodat-adam,12. The Essence of One’s Work,,יב. עיקר עבודת האדם,,12. Главное в работе человека,,12. Die hauptsächliche Arbeit des Menschen,,12. La esencia del trabajo de uno,,12. Kişinin Çalışmasının Özü,,12. Головне в роботі людини,
1,13,ARTICLE,013 Inyan Rimon,,bs-shamati-013-inyan-rimon,13. A Pomegranate,,יג. ענין רמון,,13. Суть граната,,13. Ein Granatapfel,,13. Una granada,,13. Nar,,13. Суть граната,
1,14,ARTICLE,014 Romemut Ashem,,bs-shamati-014-romemut-ashem,14. What Is the Greatness of the Creator,,יד. מהו רוממות ה',,14. Что такое величие Творца,,14. Was ist die Erhabenheit des Schöpfers?,,14. ¿Qué es la grandeza del Creador?,,14. Yaratan'ın Büyüklüğü Nedir,,14. Що таке велич Творця,
1,15,ARTICLE,015 Elokim Acherim,,bs-shamati-015-elokim-acherim,15. What Is Other Gods in the Work,,"טו. מהו, אלהים אחרים, בעבודה",,"15. Что означают ""другие боги"" в работе",,"15. Die Bedeutung ""anderer Götter"" in der spirituellen Arbeit",,15. ¿Qué significa “otros dioses” en el trabajo?,,15. Çalışmada Diğer Tanrılar nedir,,"15. Що означає ""інші боги"" в роботі",
1,16,ARTICLE,016 Yom Ashem,,bs-shamati-016-yom-ashem,16. What Is the Day of the Lord and the Night of the Lord in the Work,,"טז. מהו יום ה' וליל ה', בעבודה",,16. День Творца и ночь Творца,,16. Was ist der Tag des Schöpfers und die Nacht des Schöpfers in der spirituellen Arbeit?,,16. ¿Qué significan “El día del Señor”y “La noche del Señor” en el trabajo?,,16. Çalışmada Lord'un (Tanrı'nın) Günü ve Lord'un geces nedir,,16. День Творця і ніч Творця,
1,17,ARTICLE,017 Sitra Achra Nikret,,bs-shamati-017-sitra-achra-nikret,"17. What Does It Mean that the Sitra Achra Is Called ""Malchut without a Crown""",,"יז. מהו, שהס""א נקראת, מלכותא בלי תגא",,"17. Нечистая сила называется ""Царство без короны""",,17. Warum wird Sitra Achra Malchut ohne Krone genannt?,,17. ¿Qué quiere decir que la Sitra Ajra se denomina “Maljut sin corona”?,,17. Sitra Ahra'ya Taçsız Malhut denmesi ne anlama gelir,,"17. Нечиста сила називається ""Царство без корони""",
1,18,ARTICLE,018 Be Mistarim,,bs-shamati-018-be-mistarim,"18. What Is My Soul Shall Weep In Secret, in the Work",,"יח. מהו, במסתרים תבכה נפשי, בעבודה",,"18. В потемках плачь, душа моя-1",,"18. Was bedeutet ""In Verborgenheit weine meine Seele"" in spiritueller Arbeit?",,"18. ¿Qué significa ""mi alma llorará en secreto"", en el trabajo?",,"18. Ruhum gizlilik içinde ağlayacak, ne demektir",,"18. У сутінках плач, душа моя",
1,19,ARTICLE,019 Shem Sone Gufim,,bs-shamati-019-shem-sone-gufim,"19. What Is the Creator Hates the Bodies, in the Work",,"יט. מהו, שהקב""ה שונא את הגופים, בעבודה",,19. Почему Творец ненавидит тела (желание насладиться ради себя),,"19. Was bedeutet ""der Schöpfer hasst die Körper"" in der spirituellen Arbeit?",,"19. ¿Qué significa “El Creadoraborrece los cuerpos”, en el trabajo?",,19. Çalışmada Yaratanın Bedenden nefret etmesi ne demektir,,19. Чому Творець ненавидить тіла (бажання насолодитися заради себе),
1,20,ARTICLE,020 Inyan Lishma,,bs-shamati-020-inyan-lishma,20. Lishma (For Her Name),,כ. ענין לשמה,,20. Лишма,,20. LiSHma (Für Ihren Namen),,20. Lishmá,,20. Lişma (onun adına),,20. Лішма,
1,21,ARTICLE,021 Bizman She Adam Margish,,bs-shamati-021-bizman-she-adam-margish,21. When One Feels Oneself in a State of Ascent,,כא. בזמן שהאדם מרגיש את עצמו בבחינת עליה,,21. Время подъема,,"21. Wenn der Mensch fühlt, dass er sich in einem spirituellen Aufstieg befindet",,21. Cuando uno se siente en estado de ascenso,,21. Kişi kendini yükselişte hissettiğinde,,21. Час підйому,
1,22,ARTICLE,022 Tora Lishma,,bs-shamati-022-tora-lishma,22. Torah Lishma (for Her Name),,כב. תורה לשמה,,"22. Тора ""лишма""",,22. Tora LiShma Für Ihren Namen,,22. Torá Lishmá,,22. Tora Lişma (Onun adına),,"22. Тора ""лішма""",
1,23,ARTICLE,023 Ohavei Ashem,,bs-shamati-023-ohavei-ashem,"23. You That Love the Lord, Hate Evil",,כג. אוהבי ה' שנאו רע,,"23. Любящие Творца, ненавидьте зло",,"23. Die ihr den Schöpfer liebet, hasset das Böse",,"23. Ustedes, que aman al Señor, aborrecen el mal",,23. Tanrıyı seven kötülükten nefret eden sen,,"23. Люблячі Творця, ненавидьте зло",
1,24,ARTICLE,024 Mi Yad Rashaim,,bs-shamati-024-mi-yad-rashaim,24. Out of the Hand of the Wicked,,כד. מיד רשעים יצילם,,24. Спасает их от рук злодеев,,24. Aus der Hand der Frevler errettet er sie,,24. Fuera de las manos de los malvados,,24. Kötülüğün Elinin Dışı,,24. Рятує їх від рук лиходіїв,
1,25,ARTICLE,025 Dvarim Ayotzim,,bs-shamati-025-dvarim-ayotzim,25. Things that Come from the Heart,,כה. דברים היוצאים מהלב,,25. Исходящее из сердца,,"25. Dinge, die von Herzen kommen",,25. Cosas que llegan del corazón,,25. Kalpten Gelen Şeyler,,25. Що виходить із серця,
1,26,ARTICLE,026 Atid Shel Adam,,bs-shamati-026-atid-shel-adam,26. One’s Future Depends and Is Tied to Gratitude for the Past,,כו. העתיד של האדם תלוי וקשור בהודאה על העבר,,26. Будущее человека зависит от его благодарности за прошлое,,26. Die Zukunft des Menschen hängt von der Dankbarkeit für die Vergangenheit ab,,"26. El futuro de uno depende de su gratitud por el pasado, y está sujeto a la misma",,26. Kişinin geleceği geçmişe minnettarlığa bağlıdır,,26. Майбутнє людини залежить від її вдячності за минуле,
1,27,ARTICLE,027 Ram Ashem,,bs-shamati-027-ram-ashem,"27. What Is ""The Lord Is High and the Low Will See""",,כז. מהו רם ה' ושפל יראה,,"27. Велик Творец, и только ничтожный узрит Его",,27. HOch erhaben ist der Schöpfer und der Untere wird sehen,,"27. Qué significa “el Señor es Excelso, y los inferiores lo verán”",,27. Lord yücedir ve Lord görecektir,,"27. Великий Творець, і тільки нікчемний побачить Його",
1,28,ARTICLE,028 Lo Amut,,bs-shamati-028-lo-amut,28. I Shall Not Die but Live,,כח. לא אמות כי אחיה,,"28. Не умру, а буду жить",,"28. Ich werde nicht sterben, sondern leben",,"28. No moriré, sino que viviré",,28. Ölmeyeceğim fakat yaşayacağım,,"28. Не помру, а буду жити",
1,29,ARTICLE,029 Kshebaim Hirhurim,,bs-shamati-029-kshebaim-hirhurim,29. When Thoughts Come to a Person,,כט. כשבאים הרהורים לאדם,,29. Когда посещают сомнения,,29. Wenn dem Menschen Gedanken kommen,,29. Cuando llegan pensamientos a una persona,,29. Düşünceler kişiye geldiğinde,,29. Коли приходять сумніви,
1,30,ARTICLE,030 Ikar Lirtzot,,bs-shamati-030-ikar-lirtzot,30. The Most Important Is to Want Only to Bestow,,ל. עיקר לרצות רק להשפיע,,30. Главное – желать отдавать,,"30. Das Wichtigste ist, nur geben zu wollen",,30. Lo principal es desear sólo otorgar,,30. En önemli şey sadece ihsan etmeyi istemektir,,30. Головне - бажати віддавати,
1,31,ARTICLE,031 Kol She Ruah,,bs-shamati-031-kol-she-ruah,31. All that Pleases the Spirit of the People,,לא. כל שרוח הבריות נוח הימנו,,31. В согласии с духом творений,,"31. Alles, was dem Geist der Geschöpfe gefällt",,31. Todo eso agrada al espíritu de la gente,,31. Insanların ruhlarını memnun eden herşey,,31. У злагоді з духом творінь,
1,32,ARTICLE,032 Goral Hu Sod,,bs-shamati-032-goral-hu-sod,32. A Lot Is an Awakening from Above,,לב. גורל הוא סוד אתערותא דלעילא,,32. Судьба – это желание свыше,,32. Das Schicksal ist eine Erweckungh von Oben,,32. El destino es el despertar que viene de Arriba,,32. Kısmet yukarıdan bir uyanıştır,,32. Доля - це бажання згори,
1,33,ARTICLE,033 Inyan Goralot,,bs-shamati-033-inyan-goralot,33. The Lots on Yom Kippurim and with Haman,,"לג. ענין גורלות, שהיה ביום כפורים, ואצל המן",,33. Рок Йом Кипур и Амана,,33. Die Lose von Jom Kippur und bei Haman,,33. Las suertes en Yom Kipurim y con Hamán,,,,33. Фатальність Йом Кіпур та Амана,
1,34,ARTICLE,034 Itron Aaretz,,bs-shamati-034-itron-aaretz,34. The Profit of a Land,,לד. יתרון ארץ בכל הוא,,34. Преимущество земли – во всем,,34. Der Vorteil des Landes,,34. El provecho de una tierra,,34. Toprağın Faydası,,34. Перевага землі - у всьому,
1,35,ARTICLE,035 Hayot Kdusha,,bs-shamati-035-hayot-kdusha,35. Concerning the Vitality of Kedusha,,לה. בענין החיות דקדושה,,35. О жизненной силе Святости,,35. Die Lebenskraft der Kedusha,,35. Acerca de la vitalidad de la Kedushá,,35. Keduşa'nın canlılığını düşünmek,,35. Про життєву силу Святості,
1,36,ARTICLE,036 Gimel Bchinot Gufim,,bs-shamati-036-gimel-bchinot-gufim,36. What are the Three Bodies in a Man,,לו. מהו ג' בחינות גופים באדם,,36. Три тела в человеке,,36. Was sind die drei Körper im Menschen?,,36. Cuáles son los tres tipos de cuerpos en el hombre,,36. Insandaki 3 beden nedir,,36. Три тіла в людині,
1,37,ARTICLE,037 Purim,,bs-shamati-037-purim,37. An Article for Purim,,לז. מאמר לפורים,,37. Статья к Пуриму,,37. Ein Artikel für Purim,,37. Un artículo para Púrim,,37. Purim için makale,,37. Стаття до Пуріма,
1,38,ARTICLE,038 Irat Ashem,,bs-shamati-038-irat-ashem,38. The Fear of God Is His Treasure,,לח. יראת ה' הוא אוצרו,,38. Его богатство – трепет перед Творцом,,38. Die Furcht vor dem Schöpfer ist sein Schatz,,38. El temor de Dios es su tesoro,,38. Tanrı korkusu hazinedir,,38. Його багатство - трепет перед Творцем,
1,39,ARTICLE,039 Ve Itferu,,bs-shamati-039-ve-itferu,39. And They Sewed Fig-Leaves,,לט. ויתפרו עלה תאנה,,39. И сшили они листья смоковницы,,39. Und sie flickten Feigenlaub,,39. Y cosieron hojas de higuera,,39. Insandaki 3 beden nedir,,39. І зшили вони листя фігового дерева,
1,40,ARTICLE,040 Emunat Rabo,,bs-shamati-040-emunat-rabo,"40. Faith in the Rav, What Is the Measure",,"מ. אמונת רבו, מהו השיעור",,40. Какой должна быть вера в Учителя,,40. In welchem Maß soll man seinem Lehrer vertrauen?,,"40. Fe en el Rav, ¿en qué medida?",,40. Ravın inancı. ölçü nedir,,40. Якою має бути віра в Учителя,
1,41,ARTICLE,041 Katnut Ve Gadlut,,bs-shamati-041-katnut-ve-gadlut,41. What Is Greatness and Smallness in Faith,,מא. מהו קטנות וגדלות באמונה,,41. Малая и большая вера,,41. Was sind Kleinheit und Größe im Glauben?,,41. Qué significan la grandeza y la pequeñez en la fe,,41. Inançtaki büyüklük ve küçüklük nedir,,41. Мала і велика віра,
1,42,ARTICLE,042 Rashei Teivot Elul,,bs-shamati-042-rashei-teivot-elul,42. What Is the Acronym Elul in the Work,,"מב. מהו, שראשי תיבות אלול ""אני לדודי ודודי לי"" מרמזת בעבודה",,"42. ЭЛУЛЬ (Я к Любимому своему, а Любимый ко мне)",,42. Was bedeutet das Akronym Elul in der Arbeit?,,42. ¿Qué significan las siglas ELUL en el tranbajo?,,42. Çalışmada Elul akronimi nedir,,"42. ЕЛУЛЬ (Я до Улюбленого свого, а Улюблений до мене)",
1,43,ARTICLE,043 Emet Ve Emuna,,bs-shamati-043-emet-ve-emuna,43. The Matter of Truth and Faith,,מג. ענין אמת ואמונה,,43. Истина и вера,,43. Wahrheit und Glauben,,43. Acerca de la verdad y la fe,,43. Gerçeğin özü ve inanç,,43. Істина та віра,
1,44,ARTICLE,044 Mocha Ve Liba,,bs-shamati-044-mocha-ve-liba,44. Mind and Heart,,מד. מוחא ולבא,,44. Разум и сердце,,44. Verstand und Herz - Mocha und Liba,,44. Mente y corazón,,44. Akıl ve kalp,,44. Розум і серце,
1,45,ARTICLE,045 Bet Bchinot,,bs-shamati-045-bet-bchinot,45. Two Discernments in the Torah and in the Work,,מה. ב' בחינות בתורה ובעבודה,,45. Два состояния в Торе и работе,,45. Zwei Unterscheidungen in der Tora und in der Arbeit,,45. Dos discernimientos en la Torá y en el trabajo,,45. Çalışmada Tora'daki iki anlayış nedir,,45. Два стани в Торі й роботі,
1,46,ARTICLE,046 Shlitat Israel,,bs-shamati-046-shlitat-israel,46. The Domination of Israel over the Klipot,,מו. שליטת ישראל על הקליפות,,46. Власть Израиля над клипот,,46. Die Herrschaft Israels über die Klipot,,46. El dominio de Israel sobre las Klipot,,46. Klipot üstünde israilin hakimiyeti,,46. Влада Ізраїлю над кліпот,
1,47,ARTICLE,047 Be Makom She Ata,,bs-shamati-047-be-makom-she-ata,47. In the Place Where You Find His Greatness,,"מז. ""במקום שאתה מוצא גדלותו""",,"47. Там, где ты находишь Его величие",,"47. An dem Ort, wo du Seine Größe findest",,47. En un lugar donde encuentras Su grandeza,,47. Büyüklüğü bulduğun yerde,,"47. Там, де ти знаходиш Його велич",
1,48,ARTICLE,048 Ikar Yesod,,bs-shamati-048-ikar-yesod,48. The Primary Basis,,מח. עיקר היסוד,,48. Главная основа,,48. Das Hauptfundament,,48. La base principal,,48. Temel kaideler,,48. Головна основа,
1,49,ARTICLE,049 Ikar Hu Mocha,,bs-shamati-049-ikar-hu-mocha,49. The Most Important Is the Mind and the Heart,,מט. עיקר הוא מוחא וליבא,,49. Основное – это разум и сердце,,49. Am Wichtigsten sind Verstand und Herz,,49. Lo más importante es la mente y el corazón,,49. En önemli şey akıl ve kalpdir,,49. Основне - це розум і серце,
1,50,ARTICLE,050 Shnei Matzavim,,bs-shamati-050-shnei-matzavim,50. Two States,,נ. שני מצבים,,50. Два состояния,,50. Zwei Zustände,,50. Dos estados,,50. Iki Ülke,,50. Два стани,
1,51,ARTICLE,051 Im Paga Becha,,bs-shamati-051-im-paga-becha,51. If You Encounter This Villain,,נא. אם פגע בך מנוול זה,,51. Если обидел тебя грубиян,,51. Wenn dich dieser Bösewicht getroffen hat,,51. Si te encuentras con este Villano,,51. Eğer bu kötüyle karşılaşırsan,,51. Якщо образив тебе грубіян,
1,52,ARTICLE,052 Ein Avera,,bs-shamati-052-ein-avera,52. A Transgression does not Put Out a Mitzva,,נב. אין עבירה מכבה מצווה,,52. Прегрешение не отменяет заповедь,,52. Eine Übertretung löscht eine Mizwa nicht aus,,52. Una transgresión no cancela una Mitzvá,,52. Bir günah bir sevabı gidermez,,52. Прогріх не скасовує заповідь,
1,53,ARTICLE,053 Inyan Agbala,,bs-shamati-053-inyan-agbala,53. The Matter of Limitation,,נג. ענין הגבלה,,53. Ограничение,,53. Die Sache der Begrenzung,,53. Acerca de la limitación,,53. Kısıtlama Konusu,,53. Обмеження,
1,54,ARTICLE,054 Matarat Avoda,,bs-shamati-054-matarat-avoda,54. The Purpose of the Work,,נד. מטרת העבודה,,54. Цель духовной работы-1,,54. Das Ziel der spirituellen Arbeit,,54. El propósito del trabajo,,54. Çalışmanın Amacı,,54. Мета духовної роботи,
1,55,ARTICLE,055 Man Min Tora,,bs-shamati-055-man-min-tora,"55. Haman from the Torah, from Where",,נה. המן מן התורה מנין,,55. Где в Торе упомянут Аман,,55. Woher (kommt) Hamn aus der Tora?,,"55. Hamán de la Torá, ¿de dónde?",,"55. Nereden, Tora'dan Haman'a",,55. Де в Торі згадано Амана,
1,56,ARTICLE,056 Tora Nikra Yore,,bs-shamati-056-tora-nikra-yore,56. Torah Is Called Indication,,נו. תורה נקרא יורה,,"56. Тора называется ""показывающей""",,"56. Tora heißt ""HInweis""",,56. La Torá es llamada indicación,,56. Tora işaret demektir,,"56. Тора називається ""виявляючою""",
1,57,ARTICLE,057 Yakriv Oto,,bs-shamati-057-yakriv-oto,57. Will Bring Him as a Burned Offering to His Will,,נז. יקריב אותו לרצונו,,57. Приблизь его к желанию Творца,,"57. ""Er opfere ihn Seinen Willen""",,57. Lo sacrificará a su voluntad,,57. Onun arzusuna,,57. Наблизь його до бажання Творця,
1,58,ARTICLE,058 Simcha Bchinat Mara,,bs-shamati-058-simcha-bchinat-mara,"58. Joy is a ""Reflection"" of Good Deeds",,"נח. השמחה היא בחינת ""מראה"" ממעשים טובים",,58. Радость – показатель хороших действий,,"58. Die Freude ist der ""Spiegel"" guter Taten",,58. El regocijo es un reflejo de las buenas obras,,58. Neşe iyi amellerın yansımasıdır,,58. Радість - показник хороших дій,
1,59,ARTICLE,059 Mate Ve Nachash,,bs-shamati-059-mate-ve-nachash,59. About the Rod and the Serpent,,נט. ענין מטה ונחש,,59. Посох и Змей,,59. Der Stab und die Schlange,,59. Acerca de la vara y la serpiente,,59. Asa ve yılan,,59. Посох та Змій,
1,60,ARTICLE,060 Mitzva,,bs-shamati-060-mitzva,60. A Mitzva that Comes through Transgression,,ס. מצוה הבאה בעבירה,,"60. Заповедь, вызванная грехом",,"60. Das Gebot, das durch eine Übertretung kommt",,60. Una Mitzvá que surge a través de la transgresión,,60. Günaha doğru giden bir sevap,,"60. Заповідь, яка викликана гріхом",
1,61,ARTICLE,061 Ve Svivav,,bs-shamati-061-ve-svivav,61. Round About Him it Stormeth Mightily,,סא. וסביביו נשערה מאד,,61. Очень трудно около Творца,,61. Und rings um Ihn stürmt es gewaltig,,61. A su alrededor había una poderosa tormenta,,,,61. Дуже важко біля Творця,
1,62,ARTICLE,062 Yored Umasit,,bs-shamati-062-yored-umasit,"62. Descends and Incites, Ascends and Complains",,סב. יורד ומסית עולה ומקטרג,,"62. Падает и подстрекает, поднимается и обвиняет",,62. Steigt ab und spornt an; steigt auf und klagt an,,"62. Desciende e incita, asciende y reclama",,"62. Düşüşler ve çıkışlar, çıkışlar ve yakınmalar",,"62. Падає і підбурює, піднімається і звинувачує",
1,63,ARTICLE,063 Lavu Alai,,bs-shamati-063-lavu-alai,"63. I Was Borrowed on, and I Repay",,סג. לוו עלי ואני פורע,,"63. Одалживайте, а Я верну",,63. Mir wurde geliehen und ich zahle zurück,,63. Tomé prestado y pagué,,63. Ödünç aldım ve ödedim,,"63. Позичайте, а Я поверну",
1,64,ARTICLE,064 Mitoch She Lo Lishma,,bs-shamati-064-mitoch-she-lo-lishma,64. From Lo Lishma to Lishma,,סד. מתוך שלא לשמה באים לשמה,,64. От ло лишма приходят к лишма,,64. Vo lo liShma kommt man zu liShma,,64. De Lo Lishmá a Lishmá,,64. Lo Lişma'dan Lişmaya,,64. Від ло лішма приходять до лішма,
1,65,ARTICLE,065 Nigle Ve Nistar,,bs-shamati-065-nigle-ve-nistar,65. About the Revealed and the Concealed,,סה. ענין נגלה וענין נסתר,,65. Открытое и скрытое,,65. Über das Offenbarte und das Verborgene,,65. Acerca de lo revelado y lo velado,,65. İfşa ve Gizlilik Konusu,,65. Відкрите й приховане,
1,66,ARTICLE,066 Matan Tora,,bs-shamati-066-matan-tora,66. The Giving of the Torah,,סו. עניין מתן תורה,,66. Дарование Торы-1,,66. Die Gabe der Tora,,66. La entrega de la Torá,,66. Torayı Vermek,,66. Дарування Тори,
1,67,ARTICLE,067 Sur Mi Ra,,bs-shamati-067-sur-mi-ra,67. Depart from Evil,,סז. סור מרע,,67. Отдаляйся от зла,,67. Weiche vom Bösen!,,67. Retirarse del mal,,67. Kötüden Ayrılış,,67. Віддаляйся від зла,
1,68,ARTICLE,068 Kesher Adam,,bs-shamati-068-kesher-adam,68. Man's Connection to the Sefirot,,סח. קשר האדם אל הספירות,,68. Связь человека со сфирот,,68. Die Verbindung des Menschen zu den Sefirot,,68. La conexión del hombre con las Sefirot,,68. Sefirota doğru adamın ıslahı,,68. Зв'язок людини зі сфірот,
1,69,ARTICLE,069 Mikodem Ihie Tikun,,bs-shamati-069-mikodem-ihie-tikun,69. First Will Be the Correction of the World,,סט. מקודם יהיה תיקון העולם,,69. Вначале будет исправление всего мира,,69. Zuerst wird die Korrektur der Welt sein,,69. Primero será la corrección del mundo,,69. Önce Dünyanın Islahı Olacak,,69. Спочатку буде виправлення всього світу,
1,70,ARTICLE,070 Be Yad Hazaka,,bs-shamati-070-be-yad-hazaka,70. With a Mighty Hand and with Fury Poured Out,,ע. ביד חזקה ובחימה שפוכה,,70. Сильной рукой и изливающимся гневом,,70. Mit starker Hand und mit überströmendem Grimm,,70. Con mano poderosa y con furia desbordada,,70. Yüce Bir Elle ve öfkeyle içini döktü,,70. Сильною рукою та зливанням гніву,
1,71,ARTICLE,071 Be Mistarim,,bs-shamati-071-be-mistarim,71. My Soul shall Weep in Secret,,עא. במסתרים תבכה נפשי,,"71. Во тьме плачь, душа моя-2",,71. Im Verborgenen weint meine Seele,,71. Mi alma llorará en secreto,,71. Ruhum gizlilik içinde ağlayacak,,"71. У темряві плач, душа моя",
1,72,ARTICLE,072 Bitachon Hu Levush,,bs-shamati-072-bitachon-hu-levush,72. Confidence Is the Clothing for the Light,,עב. הבטחון הוא הלבוש להאור,,72. Уверенность – одеяние света,,72. Vertrauen ist die Kleidung für das Licht,,72. La confianza es lo qe reviste la Luz,,72. Inanç ışığın kıyafetlenmesidir,,72. Впевненість - одяг світла,
1,73,ARTICLE,073 Leachar Tzimtzum,,bs-shamati-073-leachar-tzimtzum,73. After the Tzimtzum,,עג. לאחר הצמצום,,73. После Сокращения,,73. Nach dem Zimzum,,73. Después del Tzimtzum,,73. Tzimtzum'dan Sonra,,73. Після Скорочення,
1,74,ARTICLE,074 Olam Shana Nefesh,,bs-shamati-074-olam-shana-nefesh,"74. World, Year, Soul",,עד. ענין עולם שנה נפש,,"74. Мир, год, душа",,"74.  Welt, Jahr und Seele",,"74. Mundo, año, alma",,"74. Dünya, Yıl, Ruh",,"74. Світ, рік, душа",
1,75,ARTICLE,075 Bchinat Olam Haba,,bs-shamati-075-bchinat-olam-haba,"75. There Is a Discernment of the Next World, and There Is a Discernment of This World",,"עה. יש בחינת עולם הבא, ויש בחינת עולם הזה",,75. Будущий мир и этот мир,,"75. Es gibt eine Unterscheidung von der ""nächsten Welt"" und eine Unterscheidung von ""dieser Welt""",,"75. Existe un tipo de discernimiento del mundo del más allá, y existe un tipo dediscernimiento de es",,75. Bir sonraki dünyanın ve bu dünyanın sezgisi var,,75. Майбутній світ і цей світ,
1,76,ARTICLE,076 Al Kol Kubsancha,,bs-shamati-076-al-kol-kubsancha,76. With All Thy Offerings Thou Shalt Offer Salt,,עו. על כל קרבנך תקריב מלח,,76. Ко всякому жертвоприношению добавь соль,,76. Jede deiner Opfergaben sollst du mit Salz darbringen,,76. En todas tus ofrendas ofrecerás sal,,76. Tümüyle senin lütuflarınla,,76. До всякого жертвопринесення додай сіль,
1,77,ARTICLE,077 Nishmat Adam,,bs-shamati-077-nishmat-adam,77. One Learns from One's Soul,,עז. נשמת אדם תלמדנו,,77. Душа человека учит,,77. Die Seele des Menschen wird ihn lehren,,77. Uno aprende de su alma,,77. Kişi Kişinin Ruhudan Öğrenir,,77. Душа людини навчає,
1,78,ARTICLE,078 Oraita,,bs-shamati-078-oraita,"78. The Torah, the Creator, and Israel Are One",,"עח. אורייתא וקב""ה וישראל חד הוא",,"78. Тора, Творец и Исраэль – одно целое",,"78. Die Tora, deer Schöpfer und Israel sind eins",,"78. La Torá, el Creador e Israel son uno",,"78. Tora, Yaratan ve Israil birdir",,"78. Тора, Творець та Ісраель - одне ціле",
1,79,ARTICLE,079 Atzilut Ve Bia,,bs-shamati-079-atzilut-ve-bia,79. Atzilut and Bya,,"עט. אצילות ובי""ע",,79. Ацилут и БЕА,,79. Azilut und BYA,,79. Atzilut y BIA,,79. Atzilut ve BYA,,79. Ацилут і БЄА,
1,80,ARTICLE,080 Achor Be Achor,,bs-shamati-080-achor-be-achor,80. Concerning Back to Back,,פ. ענין אחור באחור,,80. Cпиной к спине,,80. Rücken an Rücken (Achor be Achor),,80. Acerca de espalda con espalda,,,,80. Cпиною до спини,
1,81,ARTICLE,081 Alaat Man,,bs-shamati-081-alaat-man,81. Concerning Raising Man,,"פא. ענין העלאת מ""ן",,81. Подъем МАН,,81. Die Erhebung von MaN,,81. Acerca de elevar MAN,,81. Insanı yükseltmeye ilişkin,,81. Підйом МАН,
1,82,ARTICLE,082 Tfila She Zrihim,,bs-shamati2-082-tfila-she-zrihim,82. The Prayer One Should Always Pray,,פב. התפילה שצריכין להתפלל תמיד,,"82. Молитва, которая нужна всегда",,,,82. La plegaria que uno siempre debe elevar,,,,"82. Молитва, яка потрібна завжди",
1,83,ARTICLE,083 Vav Yaminit,,bs-shamati-083-vav-yaminit,"83. Concerning the Right Vav, the Left Vav",,"פג. ענין ו' ימינית, ו' שמאלית",,"83. ""Вав"" правая и ""вав"" левая",,83. Das rechte Waw und das linke Waw,,83. Acerca de la Vav derecha y la Vav izquierda,,"83. Sağ Vav, Sol Vav'a ilişkin",,"83. ""Вав"" права і ""вав"" ліва",
1,84,ARTICLE,084 Ve Igaresh,,bs-shamati-084-ve-igaresh,"84. What Is ""So He Drove the Man Out of the Garden of Eden lest He Would Take of the Tree of Life""",,"פד. מהו, ויגרש את האדם מגן עדן, מטעם שלא יקח מעץ החיים",,"84. И изгнал Адама из рая, дабы не взял от Древа Жизни",,"84. Was bedeutet ""Er vertrieb den Menschen aus dem Garten Eden, damit er nicht vom Baum des Lebens nehmen würde""?",,"84. ¿Que significa ""Y se expulsará al hombre del Jardín del Edén para que tome del Árbol de la Vida""?",,84. Hayat Ağacından yemesin diye insanın eden bahçesinin dışına sürdü,,"84. І вигнав Адама із раю, щоб не взяв з Дерева Життя",
1,85,ARTICLE,085 Pri Etz Adar,,bs-shamati-085-pri-etz-adar,"85. What Is the Fruit of Goodly Trees, in the Work",,"פה. מהו, פרי עץ הדר, בעבודה",,85. Плод великолепного дерева,,"85. Was ist ""die Frucht des prächtigen Baumes"" in er spirituellen Arbeit?",,"85. ¿Qué significa ""Fruto de árbol hermoso"" en el trabajo?",,85. Çalışmada bereketli ağaçların meyvesi nedir,,85. Плід прекрасного дерева,
1,86,ARTICLE,086 Ve Yaven,,bs-shamati-086-ve-yaven,86. And They Built Store-Cities,,פו. ויבן ערי מסכנות,,86. И построили нищие города,,86. Und sie bauten armselige Städte,,86. Y construyeron ciudades de almacenaje,,86. Ve mağaza şehirler inşa ettiler ,,86. І збудували злиденні міста,
1,87,ARTICLE,087 Shabat Shkalim,,bs-shamati-087-shabat-shkalim,87. Shabbat Shekalim,,פז. שבת שקלים,,87. Шаббат Шкалим,,87. Shabbat Shekalim,,87. Shabat Shekalim,,87. Şabat Şekalim,,87. Шабат Шкалім,
1,88,ARTICLE,088 Kol Avoda,,bs-shamati-088-kol-avoda,88. All the Work Is Only Where There Are Two Ways,,פח. כל העבודה הוא רק במקום שיש ב' דרכים,,88. Вся работа – только на перепутье двух дорог-1,,"88. Die ganze Arbeit ist nur dort, wo es zwei Wege gibt",,88. Todo el trabajo se encuentra sólo allí donde hay dos caminos,,88. Bütün çalışma sadece,,88. Вся робота - тільки на роздоріжжі двох доріг,
1,89,ARTICLE,089 Bichdei Leavin,,bs-shamati-089-bichdei-leavin,89. To Understand the Words of the Holy Zohar,,"פט. בכדי להבין את דברי הזה""ק",,89. Чтобы понять написанное в Зоар,,89. Um die Worte des heiligen Sohar zu verstehen,,89. Para comprender las palabras del Sagrado Zóhar,,89. Kutsal Zoharın sözlerini anlamak,,89. Щоб зрозуміти написане в Зоар,
1,90,ARTICLE,090 Zohar Bereshit,,bs-shamati-090-zohar-bereshit,"90. In The Zohar, Beresheet",,צ. בזהר בראשית,,"90. В Зоар, Берешит",,"90. Im Sohar, BeReshit",,"90. En el Zóhar, Bereshit",,90. Zohar'da Yaratılış,,"90. В Зоар, Берешіт",
1,91,ARTICLE,091 Bnei Tmura,,bs-shamati-091-bnei-tmura,91. Concerning the Replaceable,,צא. ענין בני תמורה,,91. Подмененный сын,,91. Das Ausgetauschte,,91. Acerca de lo reemplazable,,91. Yerdeğiştirebilmeye ilişkin,,91. Підмінений син,
1,92,ARTICLE,092 Bchinat Mazla,,bs-shamati-092-bchinat-mazla,92. Explaining the Discernment of Luck,,צב. ביאור לבחינת מזלא,,92. Смысл удачи,,"92. Erklärung des Aspektes ""Glück""",,92. Explicando el discernimiento de la suerte,,92. Şans algısını açıklamak,,92. Сенс удачі,
1,93,ARTICLE,093 Snapir Ve Kaskeset,,bs-shamati-093-snapir-ve-kaskeset,93. Concerning Fins and Scales,,צג. ענין סנפיר וקשקשת,,93. Плавники и чешуя,,93. Flossen und Schuppen,,93. Acerca de las aletas y las escamas,,,,93. Плавники і луска,
1,94,ARTICLE,094 Ve Shamartem,,bs-shamati-094-ve-shamartem,94. And You Shall Keep Your Souls,,צד. ושמרתם את נפשותיכם,,94. Берегите души свои,,94. Und ihr sollt eure Seelen bewahren,,94. Guardad vuestras almas,,94. Ruhlarınızı muhafaza edeceksiniz,,94. Бережіть душі свої,
1,95,ARTICLE,095 Asarat Orla,,bs-shamati-095-asarat-orla,95. Concerning Removing the Foreskin,,צה. ענין הסרת הערלה,,95. Отсечение крайней плоти,,95. Die Entfernung der Vorhaut,,95. Acerca de extirpar el prepucio,,95. Sünnet derisini almaya ilişkin,,95. Відсікання крайньої плоті,
1,96,ARTICLE,096 Mahu Psolet,,bs-shamati-096-mahu-psolet,"96. What Is Waste of Barn and Winery, in the Work",,"צו. מהו פסולת גורן ויקב, בעבודה",,"96. ""Отходы гумна и винодельни"" – в духовной работе",,96. Der Abfall des Dreschbodens und des Weinkellers in der spirituellen Arbeit,,96. Qué significan el deshecho del granero y de la bodega en el trabajo espiritual?,,,,"96. Відходи току і виноробні"" - у духовній роботі",
1,97,ARTICLE,097 Inyan Psolet,,bs-shamati-097-inyan-psolet,97. Waste of Barn and Winery,,צז. ענין פסולת גורן ויקב,,97. Отходы гумна и винодельни – 2,,97. Abfälle des Dreschbodens und der Weinkellerei,,97. El deshecho del granero y de la bodega,,,,"97. Відходи току і виноробні"" - 2",
1,98,ARTICLE,098 Ruchaniut Nikra,,bs-shamati-098-ruchaniut-nikra,98. Spirituality Is Called That Which Will Never Be Lost,,"צח. רוחניות נקרא, מה שלא יתבטל לעולם",,98. Духовным называется вечное,,"98. Als Spiritualität wird das bezeichnet, was niemals verloren geht",,98. Se denomina espiritualidad a aquello que nunca se pierde,,"98. Maneviyat, asla kaybolmayacak şey",,98. Духовним зветься вічне,
1,99,ARTICLE,099 Tzadik Ve Rasha,,bs-shamati-099-tzadik-ve-rasha,99. He Did Not Say Wicked or Righteous,,צט. רשע או צדיק לא קאמר,,99. Грешник или праведник – не cказано,,"99. Er sagte nicht: ""Ein Bösewicht oder ein Gerechter""",,99. Malvado o justo no dirás,,99. Kötü veya haklı demedi,,99. Грішник чи праведник - не сказано,
1,100,ARTICLE,100 Tora She Bichtav,,bs-shamati-100-tora-she-bichtav,100. The Written Torah and the Oral Torah,,ק. תורה שבכתב ותורה שבעל פה,,100. Письменная и устная Тора-1,,100. Die schriftliche und die mündliche Tora,,100. La Torá escrita y la Torá Oral,,100. Yazılı Tora ve Sözlü Tora,,100. Письмова та усна Тора,
1,101,ARTICLE,101 La Menatzeah,,bs-shamati-101-la-menatzeah,"101. A Commentary on the Psalm, ""For the Leader upon Roses""",,"קא. ביאור להזמר ""למנצח על שושנים""",,101. Победителю над розами,,"101. Ein Kommentar zum Lied ""Dem Sangmeister auf Shoshanim""",,101. Un comentario acerca del salmo “para el líder entre rosas”,,"101. Psalm üstüne bir tefsir, ""Güllerin Üzerindeki Lider için""",,101. Переможцю над трояндами,
1,102,ARTICLE,102 Ve Lakachtem,,bs-shamati-102-ve-lakachtem,102. And You Shall Take You the Fruit of Goodly Trees,,קב. ולקחתם לכם פרי עץ הדר,,102. И возьмите себе плод цитрусового дерева,,102. Und ihr sollt euch nehmen eine Frucht vom Baum Hader,,102. Y te llevarás el fruto de los buenos árboles,,102. Ve Sen Bereketli Ağaçların meyvesini alacaksın,,102. І візьміть собі плід цитрусового дерева,
1,103,ARTICLE,103 Edabenu Libo,,bs-shamati-103-edabenu-libo,103. Whose Heart Maketh Him Willing,,קג. ידבנו לבו,,103. Благорасположенный сердцем,,"103. Von jedem Menschen, dessen Herz willig ist",,103. Cuyo corazón lo vuelve dispuesto,,,,103. Прихильний серцем,
1,104,ARTICLE,104 Mechabel Havei Yetiv,,bs-shamati-104-mechabel-havei-yetiv,104. And the Saboteur Was Sitting,,קד. והמחבל הוי יתיב,,104. Вредитель скрывался в потопе,,104. Und der Zerstörer saß,,104. Y el destructor se encontraba sentado,,104. Ve kundakçı oturuyordu,,104. Шкідник переховувався в потопі,
1,105,ARTICLE,105 Kodem La Kohen,,bs-shamati-105-kodem-la-kohen,105. A Wise Disciple Bastard Precedes a High Priest Commoner,,קה. ממזר תלמיד חכם קודם לכהן גדול עם הארץ,,"105. Незаконнорожденный мудрец – предпочтительнее первосвященника, обывателя",,105. Ein Bastard und ein weiser Schüler gehen einem ungelehrten Hohepriester voraus,,105. El bastardo que es un sabio discípulo precede al alto sacerdote común,,,,"105. Краще незаконнонароджений мудрець, ніж першосвященик, обиватель",
1,106,ARTICLE,106 Mahu Remez,,bs-shamati-106-mahu-remez,106.  What Do the Twelve Challahs on Shabbat Imply,,"קו. מהו הרמז של י""ב חלות בשבת",,106. 12 субботних хлебов,,106. Was ist die Bedeutung der 12. Challot (geflochtene Brote) am Shabbat?,,106. ¿Qué es implican las doce Jalot de Shabat?,,106. Şabatta on iki Challahs ne anlama gelir,,106. 12 суботніх хлібів,
1,107,ARTICLE,107 Bet Malachim,,bs-shamati-107-bet-malachim,107. Concerning the Two Angels,,קז. ענין ב' המלאכים,,107. Два ангела,,107. Die zwei Engel,,107. Acerca de los dos ángeles,,107. Iki meleğe ilişkin,,107. Два ангела,
1,108,ARTICLE,108 Im Taazveni Yom,,bs-shamati-108-im-taazveni-yom,"108. If You Leave Me One Day, I Will Leave You Two",,"קח. אם תעזבני יום, יומים אעזבך",,"108. Если оставишь Меня на день, на два дня оставлю тебя",,"108. Wenn du mich für einen Tag verläßt, werde Ich dich für zwei verlassen",,"108. Si me dejas por un día, yo te dejaré por dos",,"108. Eğer beni bir gün yalnız bırakırsan, ben seni iki gün bırakacağım",,"108. Якщо залишиш Мене на день, на два дні залишу тебе",
1,109,ARTICLE,109 Bet Minei Basar,,bs-shamati-109-bet-minei-basar,109. Two Kinds of Meat,,קט. ב' מיני בשר,,109. Два вида мяса,,109. Zwei Arten von Fleisch,,109. Dos tipos de carne,,109. Etin iki türü,,109. Два види м'яса,
1,110,ARTICLE,110 Sade Asher,,bs-shamati-110-sade-asher,110. A Field Which the Lord Has Blessed,,קי. שדה אשר ברכו ה',,"110. Поле, благословенное Творцом",,"110. Ein Feld, das vom Schöpfer gesegnet ist",,110. Un campo que el Señor ha bendecido,,110. Tanrının kutsadığı bir yer,,"110. Поле, яке благословив Творець",
1,111,ARTICLE,111 Evel Kol Dibur,,bs-shamati-111-evel-kol-dibur,"111. Breath, Sound, and Speech",,"קיא. הבל, קול ודיבור",,"111. Выдох, голос, речь",,"111. Hauch, Stimme und Rede",,"111. Aliento, sonido y habla",,"111. Nefes, ses ve konuşma",,"111. Видих, голос, мова",
1,112,ARTICLE,112 Shloshet Malachim,,bs-shamati-112-shloshet-malachim,112. The Three Angels,,קיב. שלשת המלאכים,,112. Три ангела,,112. Die drei Engel,,112. Los tres ángeles,,112. Üç melek,,112. Три ангела,
1,113,ARTICLE,113 Tfilat Shmone Esre,,bs-shamati-113-tfilat-shmone-esre,113. The Eighteen Prayer,,קיג. תפילת שמונה עשרה,,"113. Молитва ""Шмоне-Эсре"" (Восемнадцать благословений)",,113. Das Gebet der Achtzehn (Segenssprüche),,113. La plegaria dieciocho,,113. On sekiz yakarış,,"113. Молитва ""Шмоне-Есре"" (Вісімнадцять благословень)",
1,114,ARTICLE,114 Tfila,,bs-shamati-114-tfila,114. Prayer,,קיד. ענין תפילה,,114. Суть молитвы,,114. Das Gebet,,114. Plegaria,,114. Dua,,114. Суть молитви,
1,115,ARTICLE,115 Domem Tzomeah,,bs-shamati-115-domem-tzomeah,"115. Still, Vegetative, Animate, and Speaking",,"קטו. ענין דומם, צומח, חי, מדבר",,"115. Неживое, растительное, животное, человек",,"115. Unbewegt, pflanzlich, lebend und sprechend",,"115. Inerte, Vegetal, Animal y Hablante",,"115. Cansız, bitkisel, hayvansal ve konuşan",,"115. Неживе, рослинне, тварина, людина",
1,116,ARTICLE,116 Mitzvot Ein Tzrcihot,,bs-shamati-116-mitzvot-ein-tzrcihot,116. Why Did He Say that Mitzvot Do Not Require Intention,,קטז. למאן דאמר מצוות אין צריכות כוונה,,116. Заповеди не нуждаются в намерении,,"116. Warum sagte er, Mizwot bedürften keiner Absicht",,116. ¿Por qué dijo que las Mitzvot no necesitan intención?,,116. Neden Mitzvotun niyet gerektirmediğini söyledi,,116. Заповіді не потребують наміру,
1,117,ARTICLE,117 Yagata Ve Lo Matzata,,bs-shamati-117-yagata-ve-lo-matzata,"117. You Labored and Did Not Find, Do Not Believe",,קיז. יגעת ולא מצאת אל תאמין,,117. Приложил усилия и не нашел – не верь,,117. Du hast dich abgemüht und nichts gefunden [das] glaube nicht,,"117. Se esforzaron y no encontraron, no lo creas",,,,117. Доклав зусилля і не знайшов - не вір,
1,118,ARTICLE,118 Leavin,,bs-shamati-118-leavin,118. To Understand the Matter of the Knees Which Have Bowed Unto Baal,,קיח. להבין ענין ברכים אשר כרעו לבעל,,"118. Колени, преклонившиеся пред хозяином",,"118. Die Knie, die sich dem Baal beugten",,118. Para entender lo relativo a las rodillas que se flexionan ante Baal,,118. Baal'a doğru diz çökme konusunu anlamak,,"118. Коліна, що схилилися перед господарем",
1,119,ARTICLE,119 Hahu Talmid,,bs-shamati-119-hahu-talmid,119. That Disciple Who Learned in Secret,,קיט. ההוא תלמיד דלמד בחשאי,,"119. Ученик, учившийся в тайне",,"119. Ein Schüler, der insgeheim studierte",,119. Aquel discípulo que aprendió en secreto,,119. Sırrı öğrenen öğrenci,,"119. Учень, який навчався в таємниці",
1,120,ARTICLE,120 Taam Al Minhag,,bs-shamati-120-taam-al-minhag,120. The Reason for Not Eating Nuts on Rosh Hashanah,,קכ. טעם על מנהג שלא אוכלין אגוזים בראש השנה,,120. Почему не едят орехи в Новый Год,,"120. Der HIntergrund des Brauches, an Rosh HaShana keine Nüsse zu essen",,120. La razón de no comer nueces en Rosh HaShaná,,,,120. Чому не їдять горіхи на Новий Рік,
1,121,ARTICLE,121 Haita Ke Oniyot,,bs-shamati-121-haita-ke-oniyot,121. She Is Like Merchant-Ships,,קכא. היתה כאניות סוחר,,121. Подобна суднам торговым,,121. Sie ist wie ein Handelsschiff,,121. Es cual barcos mercantiles,,"121. O, tüccar gemileri gibi",,121. Подібна до кораблів купецьких,
1,122,ARTICLE,122 Leavin Ma She Mevoar,,bs-shamati-122-leavin-ma-she-mevoar,122. Understanding What Is Written in Shulchan Aruch,,קכב. להבין מה שמבואר בשולחן ערוך,,122. Объяснение к Шулхан Арух,,"122. Um es zu verstehen, was im Shulchan Areuch erkärt wird",,122. Comprendiendo lo escrito en el Shulján Aruj,,122. Shulchan Aruch'ta ne yazdığını anlamak,,122. Пояснення до Шулхан Арух,
1,123,ARTICLE,123 Gitu Ve Idu,,bs-shamati-123-gitu-ve-idu,123. His Divorce and His Hand Come as One,,קכג. ענין גיטו וידו באין כאחד,,123. Отталкивает и предлагает Свою руку одновременно,,123. Seine Scheidung und Seine Hand sind Eins,,123. Su divorcio y su mano vienen como uno,,123. Onun boşanması ve onun eli tek hale geliyor,,123. Відштовхує і пропонує Свою руку одночасно,
1,124,ARTICLE,124 Shabat Bereshit,,bs-shamati-124-shabat-bereshit,124. A Shabbat of Genesis and of the Six Thousand Years,,קכד. שבת בראשית - ודשיתא אלפי שני,,124. Суббота Сотворения мира – и шести тысячелетий,,124. Der Shabbat von BeReshit und der Shabbat der seche Jahrtausende,,124. Un Shabat de Génesis y de los seis mil años,,124. Genesis'in ve altı bin yıl'ın şabatı,,124. Субота Створення світу - і шести тисячоліть,
1,125,ARTICLE,125 Meaneg Shabat,,bs-shamati-125-meaneg-shabat,125. Who Delights the Shabbat,,קכה. המענג את השבת,,125. Наслаждающийся Субботой,,125. Der den Shabbat erfreut,,125. Quien deleita al Shabat,,125. Şabatı kim mutlu eder,,125. Хто насолоджується Суботою,
1,126,ARTICLE,126 Hacham Ba,,bs-shamati-126-hacham-ba,126. A Sage Comes to Town,,קכו. חכם בא לעיר,,126. Мудрец пришел в город,,126. Ein Weiser kommt in die Stadt,,126. Un sabio llega a la ciudad,,126. Bilge kasabaya geliyor,,126. Мудрець прийшов у місто,
1,1127,ARTICLE,127 Kodem Yetzirat Vlad,,bs-shamati-127-kodem-yetzirat-vlad,,,קכז. קודם יצירת הולד,,127. Перед созданием зародыша,,"127. Der Unterschied zwischen dem Wesentlichen, der Essenz und dem zusätzlichen Überfluss",,,,127,,127. Перед створенням зародка,
1,128,ARTICLE,128 Mehai Galgalta,,bs-shamati-128-mehai-galgalta,128. Dew Drips from that Galgalta to Zeir Anpin,,"קכח. מהאי גלגלתא נטיף טלא לז""א",,128. С головы той сочится роса на Зеир Анпин,,128. Von diesem Galgalta tropt Tau zu Seir Anpin,,128. Gotas de rocío caen de esa Galgalta a Zeir Anpin,,128. Galgaltadan Zer Anpine Çiğ damlaları,,128. З голови тієї сочиться роса на Зеір Анпін,
1,129,ARTICLE,129 Shchinta Be Afra,,bs-shamati-129-shchinta-be-afra,129. Divinity in the Dust,,קכט. בחינת שכינתא בעפרא,,129. Шхина во прахе,,129. Shechina im Staub,,129. La Divinidad en el polvo,,129. Tozdaki ilahilik,,129. Шхіна у праху,
1,130,ARTICLE,130 Tveriya De Razal,,bs-shamati-130-tveriya-de-razal,"130. Tiberias of Our Sages, Good Is Thy Sight",,"קל. טבריא דרז""ל, טובה ראיתך",,"130. Тверия мудрецов наших, как хорошо увидеть тебя",,"130. Tiberius unserer Weisen, gut ist Deine Sicht",,"130. Tiberias de nuestros sabios, buena es la vista",,,,"130. Тверія мудреців наших, як добре побачити тебе",
1,131,ARTICLE,131 Haba Letaher,,bs-shamati-131-haba-letaher,131. Who Comes to Be Purified,,קלא. הבא לטהר,,131. Приходящий очиститься,,131. Wer sich zu reinigen kommt,,131. Quien viene a ser purificado,,131. Kim arınmış hale gelir,,131. Хто приходить очиститися,
1,132,ARTICLE,132 Be Ziat Apecha,,bs-shamati-132-be-ziat-apecha,132. In the Sweat of Thy Face Shalt Thou Eat Bread,,קלב. בזיעת אפיך תאכל לחם,,132. В поте лица твоего будешь есть хлеб-1,,132. Im Schweiße deines Angesichts wirst du Brot essen,,132. Ganarás el pan con el sudor de tu frente,,,,132. У поті лиця ти їстимеш хліб,
1,133,ARTICLE,133 Orot Shabat,,bs-shamati-133-orot-shabat,133. The Lights of Shabbat,,קלג. אורות דשבת,,133. Свет Субботы,,133. Lichter des Shabbats,,133. Las Luces de Shabat,,133. Şabat'ın Işıkları,,133. Світло Суботи,
1,134,ARTICLE,134 Yain Meshaker,,bs-shamati-134-yain-meshaker,134. Intoxicating Wine,,קלד. יין המשכר,,134. Пьянящее вино,,134. Berauschender Wein,,134. Vino intoxicante,,134. Mest Eden Şarap,,134. П'янке вино,
1,135,ARTICLE,135 Naki Ve Tzadik,,bs-shamati-135-naki-ve-tzadik,135. Clean and Righteous Slay Thou Not,,קלה. נקי וצדיק אל תהרוג,,135. Чистого и праведного не убивай,,135. Den Reinen und den Gerechten sollst du nicht umbringen,,135. Al puro y justo no matarás,,,,135. Чистого і праведного не вбивай,
1,136,ARTICLE,136 Chiluk Bein Igrot,,bs-shamati-136-chiluk-bein-igrot,136. The Difference between the First Letters and the Last Letters,,קלו. החילוק בין אגרות הראשונות לאגרות האחרונות,,136. Отличие между первыми и последними посланиями,,136. Der Unterschied zwischen den ersten Briefen und den letzten Briefen,,136. La repartición entre las primeras cartas y las últimas,,136. Ilk Mektuplar ve Son Mektuplar Arasındaki Fark,,136. Відмінність між першими і останніми посланнями,
1,137,ARTICLE,137 Tzelpachad,,bs-shamati-137-tzelpachad,137. Zelophehad Was Gathering Wood,,קלז. צלפחד היה מקושש עצים,,137. Целафхад собирал хворост,,137. Zelofchad sammelte Holz am Shabbat,,137. Zelofejad estaba juntando leña,,137. Zelophehad odun istifliyordu,,137. Целафхад збирав хмиз,
1,138,ARTICLE,138 Ira Ve Pachad,,bs-shamati-138-ira-ve-pachad,138. About Fear that Sometimes Comes Upon a Person,,קלח. ענין יראה ופחד שבא לפעמים להאדם,,"138. Боязнь и страх, овладевающие иногда человеком",,"138. Über Furcht und Angst, die einen Menschen manchmal überkommen",,138. Acerca del temor y el miedo que a veces le sobreviene a la persona,,138. Bazen kişinin üstüne çöken korku hakkında,,"138. Боязнь і страх, які оволодівають іноді людиною",
1,139,ARTICLE,139 Evdel,,bs-shamati-139-evdel,139. The Difference between the Six Days of Action and the Shabbat,,קלט. הבדל מששת ימי המעשה לשבת,,139. Отличие шести дней творения от Субботы,,139. Der Unterschied zwischen den sechs Werkezugen und Shabbat,,139. La diferencia entre los seis días de actividad y el Shabat,,139. Eylemin altı günü ve şabat arasında,,139. Відмінність шести днів творіння від Суботи,
1,140,ARTICLE,140 Ma Ahavti,,bs-shamati-140-ma-ahavti,140. How I Love Thy Law,,קמ. מה אהבתי תורתך,,140. Как люблю я Тору Твою,,140. Wie liebe ich Deine Lehre,,140. Cómo Amo Tu ley,,,,140. Як люблю я Тору Твою,
1,141,ARTICLE,141 Pesach,,bs-shamati-141-pesach,141. The Holiday of Passover,,קמא. ענין חג הפסח,,141. Праздник Песах,,141. Das Pessachfest,,141. La Fiesta de Pésaj,,141. Paskalya Tatili,,141. Свято Песах,
1,142,ARTICLE,142 Ikar Milchama,,bs-shamati-142-ikar-milchama,142. The Essence of the War,,קמב. עיקר המלחמה,,142. Основная борьба,,142. Der hauptsächliche Krieg,,142. La Lucha principal,,142. Savaşın özü,,142. Основна боротьба,
1,143,ARTICLE,143 Ach Tov,,bs-shamati-143-ach-tov,143. Only Good to Israel,,קמג. אך טוב לישראל,,143. Только на благо Израилю,,143. Der Schöpfer ist gut zu Israel,,143. Sólo el bien para Israel,,143. Sadece israile iyi,,143. Тільки на благо Ізраїлю,
1,144,ARTICLE,144 Yeshno Am,,bs-shamati-144-yeshno-am,144. There Is a Certain People,,קמד. ישנו עם אחד,,144. Есть один народ,,144. Es gibt ein bestimmtes Volk,,144. Hay cierto pueblo,,144. Belli bir halk var,,144. Є один народ,
1,145,ARTICLE,145 Yahiv Hochmata,,bs-shamati-145-yahiv-hochmata,145. What Is Will Give Wisdom Specifically to the Wise,,קמה. מהו יהיב חכמתא לחכימין דוקא,,145. Почему мудрость дается именно мудрецам,,"145. Ws heißt es, dass Er gerade ""den Weisen Weisheit gibt""?",,145. Qué significa que les otorgará sabiduría específicamente a los sabios,,,,145. Чому мудрість дається саме мудрецям,
1,146,ARTICLE,146 Pirush Al Zohar,,bs-shamati-146-pirush-al-zohar,146. A Commentary on The Zohar,,קמו. פירוש על זהר,,146. Объяснение к Зоар,,146. Ein Kommentar zum Sohar,,146. Un comentario sobre El Zóhar,,146. Zohar üstüne bir tefsir,,146. Пояснення до Зоар,
1,147,ARTICLE,147 Inyan Avoda,,bs-shamati-147-inyan-avoda,147. The Work of Reception and Bestowal,,קמז. ענין העבודה של קבלה והשפעה,,147. Работа по получению и отдаче,,147. Die spirituelle Arbeit des Empfangens und Gebens,,147. El trabajo de recepción y de otorgamiento,,147. Alma ve ihsan etmenin çalışması,,147. Робота по отриманню та віддачі,
1,148,ARTICLE,148 Mar Ve Matok,,bs-shamati-148-mar-ve-matok,"148. The Scrutiny of Bitter and Sweet, True and False",,"קמח. יש בירור מר ומתוק, אמת ושקר",,"148. Выбор между горьким и сладким, правдой и ложью",,"148. Die Klärung von bitter und süß, Wahrheit und Lüge",,"148. Los escrutinios de amargo y dulce, y de verdadero y falso",,"148. Acı ve tatlının, doğru ve yanlışın tetkiki",,"148. Вибір між гірким і солодким, правдою і обманом",
1,149,ARTICLE,149 Lama Tzrichim,,bs-shamati-149-lama-tzrichim,149. Why We Need to Extend Hochma,,קמט. למה צריכים להמשיך בחינת חכמה,,149. Почему нужно притягивать свет мудрости,,149. Warum man den Aspekt von Chochma heranziehen muß,,149. Por qué necesitamos extender Jojmá,,149. Hohmayı genişletmeye neden ihtiyacımız var,,149. Чому необхідно притягувати світло мудрості,
1,150,ARTICLE,150 Zimru La Shem,,bs-shamati-150-zimru-la-shem,"150. Prune unto the Lord, for He Hath Done Pride",,"קנ. זמרו לה', כי גאות עשה",,"150. Воспевайте Творца, ибо великое сотворил Он",,"150. Singet zum Schöpfer, denn Stolz hat Er geschaffen",,"150. Podar al señor, pues Él ha creado el orgullo",,,,"150. Оспівуйте Творця, бо величне сотворив Він",
1,151,ARTICLE,151 Va Ire Israel,,bs-shamati-151-va-ire-israel,151. And Israel Saw the Egyptians,,קנא. וירא ישראל את מצרים,,151. И увидел Исраэль египтян,,151. Und Israel sah die Ägypter,,151. E Israel vio a los egipcios,,151. Ve israil Mısırlıları gördü,,151. І побачив Ісраель єгиптян,
1,152,ARTICLE,152 Ki Shochad Yaaver,,bs-shamati-152-ki-shochad-yaaver,152. For a Bribe Doth Blind the Eyes of the Wise,,קנב. כי השוחד יעור עיני חכמים,,152. Подкуп слепит мудрецов,,152. Denn die Bestechung lässt die Augen der Weisen erbinden,,152. Pues un soborno ciega al sabio,,,,152. Підкуп засліплює мудреців,
1,153,ARTICLE,153 Machshava Hi Tolada,,bs-shamati-153-machshava-hi-tolada,153. A Thought Is an Upshot of the Desire,,קנג. המחשבה היא תולדה מהרצון,,153. Мысль - следствие желания,,153. Der Gedanke ist das Ergebnis des Wunsches,,153. Un pensamiento es el resultado de un deseo,,153. Düşünce arzunun sonucudur,,153. Думка - наслідок бажання,
1,154,ARTICLE,154 I Efshar Lihiyot,,bs-shamati-154-i-efshar-lihiyot,154. There Cannot Be an Empty Space in the World,,קנד. אי אפשר להיות חלל ריק בעולם,,154. В мире не должно быть пустоты,,154. Es kann keinen unausgefüllten Raum in der Welt geben,,154. No puede haber un espacio vacío en el mundo,,154. Dünyada boş bir alan olamaz,,154. У світі не повинно бути порожнечі,
1,155,ARTICLE,155 Nekiut Guf,,bs-shamati-155-nekiut-guf,155. The Cleanness of the Body,,קנה. נקיות הגוף,,155. Чистота тела,,155. Reinheit des Körpers,,155. La limpieza del cuerpo,,155. Bedenin temizliği,,155. Чистота тіла,
1,156,ARTICLE,156 Pen Lakach,,bs-shamati-156-pen-lakach,156. Lest He Take of the Tree of Life,,קנו. פן לקח מעץ החיים,,156. Дабы не взял от Древа жизни,,156. Dass er nicht nehme vom Baum des Lebens,,156. Para que no tome del Árbol de la Vida,,"156. O, hayat ağacında yemesin diye",,156. Щоб не взяв з Дерева життя,
1,157,ARTICLE,157 Ani Yeshena,,bs-shamati-157-ani-yeshena,157. I Am Asleep but My Heart Is Awake,,קנז. אני ישנה וליבי ער,,"157. Я сплю, но бодрствует сердце мое",,"157. Ich schlafe, aber mein Herz ist wach",,"157. Yo estoy dormido, pero mi corazón está despierto",,157. Uykudayım ama kalbim uyanık,,"157. Я сплю, але не спить серце моє",
1,158,ARTICLE,158 Taam She Lo Noagim,,bs-shamati-158-taam-she-lo-noagim,158. The Reason for Not Eating at Each Other's Home on Passover,,קנח. טעם שלא נוהגים לאכול אחד אצל השני בפסח,,158. Почему в Песах не принято есть в гостях,,"158. Die Bedeutung des Brauchs, an Pessach nicht bei anderen zu speisen",,158. La razón de no comer en la casa de los demás en Pésaj,,158. Paskalyada bir başkasının evinde yememenin nedeni,,158. Чому на Песах не прийнято їсти в гостях,
1,159,ARTICLE,159 Ve Yehi Ba Yamim,,bs-shamati-159-ve-yehi-ba-yamim,159. And It Came to Pass in the Course of Those Many Days,,קנט. ויהי בימים הרבים ההם,,159. И было спустя много времени,,159. Und es geschah während jener vielen Tage,,159. Y ocurrió en el transcurso de muchos días,,,,159. І було через багато часу,
1,160,ARTICLE,160 Taam Atzna,,bs-shamati-160-taam-atzna,160. The Reason for Concealing the Matzot,,קס. טעם הצנע במצוות,,160. Скромность в заповедях,,160. Der Grund für das Abdecken der Mazot,,160. El motivo para ocultar las Mitzvot,,160. Matzot'u gizlemenin nedeni,,160. Скромність у заповідях,
1,161,ARTICLE,161 Matan Tora,,bs-shamati-161-matan-tora,161. The Matter of the Giving of the Torah,,קסא. ענין מתן תורה,,161. Дарование Торы-1,,161. Die Gabe der Tora,,161. Acerca de la entrega de la Torá,,161. Tora'yı vermenin esası,,161. Дарування Тори,
1,162,ARTICLE,162 Inyan Hazak,,bs-shamati-162-inyan-hazak,162. Concerning the Hazak We Say After Completing the Series,,"קסב. ענין ""חזק"" שאומרים אחר סיום הסדרה",,"162. Почему говорят ""Укрепись!"" по окончании учебного раздела",,162. Weshalb man nach dem Abschluss des Buches der Tora chasak sagt,,162. Acerca del Jazak que decimos después de completar la serie,,162. Seriyi tamamlamanın ardından söylediğimi Hazak hakkında,,"162. Чому кажуть ""Зміцнись!"" після закінчення навчального розділу",
1,163,ARTICLE,163 Amru Baalei Zohar,,bs-shamati-163-amru-baalei-zohar,163. What the Authors of The Zohar Said,,קסג. ענין מה שאמרו בעלי זהר,,163. О чем говорили авторы Зоар,,163. Was die Autoren des Sohar sagen,,163. Lo que dijeron los autores del El Zóhar,,163. Zoharın yazarları ne söyledi,,163. Про що говорили автори Зоар,
1,164,ARTICLE,164 Yesh Efresh,,bs-shamati-164-yesh-efresh,164. There Is a Difference between Corporeality and Spirituality,,קסד. יש הפרש בין גשמיות לרוחניות,,164. Отличие материального от духовного,,164. Es gibt eien Unterschied zwischen dem Materiellen und dem Spirituellen,,164. Existe una diferencia entre la corporalidad y la espiritualidad,,164. Maddesellik ve maneviyat arasında bir fark var,,164. Відмінність матеріального від духовного,
1,165,ARTICLE,165 Bakashat Elisha,,bs-shamati-165-bakashat-elisha,165. An Explanation to Elisha's Request of Elijah,,קסה. ביאור לבקשת אלישע מאליהו,,165. Просьба Элиши к Элияу,,165. Eine Erklärung für Elishas Bitte von Elia,,165. Una explicación acerca del petición de Eliseo a Elías,,165. ElişaNın Eliyah'tan talebine dair bir açıklama,,165. Прохання Еліші до Еліягу,
1,166,ARTICLE,166 Bet Bchinot,,bs-shamati-166-bet-bchinot,166. Two Discernments in Attainment,,קסו. ב' בחינות בהשגה,,166. Два уровня в постижении,,166. Zwei Aspekte im Erlangen,,166. Dos discernimientos por ser identificados,,166. Edinimdeki iki algı,,166. Два рівня в осягненні,
1,167,ARTICLE,167 Shabat Tshuva,,bs-shamati-167-shabat-tshuva,167. The Reason Why It Is Called Shabbat Teshuvah,,קסז. טעם למה שקורין שבת תשובה,,"167. Почему называется ""Суббота Раскаяния""",,"167. Der Grund, warum er Shabbat Teshuwa heißt (nennt)",,167. La razón por la cual se llama Shabat Teshuvá,,167. Şabat Teşuvah denmesinin nedeni,,"167. Чому називається ""Субота Покаяння""",
1,168,ARTICLE,168 Minagei Israel,,bs-shamati-168-minagei-israel,168. The Customs of Israel,,קסח. מנהגי ישראל,,168. Обычаи Израиля,,168. Die Bräuche Israels,,168. Las costumbres de Israel,,168. Israilin adetleri,,168. Звичаї Ізраїлю,
1,169,ARTICLE,169 Tzadik Gamur,,bs-shamati-169-tzadik-gamur,169. Concerning a Complete Righteous,,קסט. ענין צדיק גמור,,169. Совершенный праведник,,169. Das Konzept des vollkommenen Gerechten,,169. Acerca de alguien totalmente justo,,169. Tüm bir erdemliliğe ilişikin,,169. Досконалий праведник,
1,170,ARTICLE,170 Lo Eihe Be Kischa,,bs-shamati-170-lo-eihe-be-kischa,170. Thou Shalt Not Have in Thy Pocket a Large Stone,,קע. לא יהיה בכיסך אבן גדולה,,170. Да не будет в кармане твоем камня большого...,,170. In deiner Tasche soll kein großer Stein sein,,170. En tu bolsillo no tendrás una gran piedra,,,,170. Хай не буде в кишені твоїй каменю великого...,
1,171,ARTICLE,171 Zohar Emor,,bs-shamati-171-zohar-emor,"171. Zohar, Amor",,"קעא. זהר, אמור",,"171. Зоар, Эмор",,171. Sohar Abschnitt Emor,,"171. Zóhar, Emor",,"171. Zohar, Amor",,"171. Зоар, Емор",
1,172,ARTICLE,172 Inyan Meniyot,,bs-shamati-172-inyan-meniyot,172. The Matter of Prevention and Delays,,קעב. ענין המניעות והעיכובים,,172. Препятствия и помехи,,172. Verhinderungen und Verzögerungen,,172. Lo relativo a las prevenciones y los retrasos,,172. Engel ve ertelemelerin esası,,172. Перепони і завади,
1,173,ARTICLE,173 Madua Omrim,,bs-shamati-173-madua-omrim,173. Why Do We Say L'chaim,,קעג. מדוע אומרים לחיים,,"173. Почему говорят ""Лехаим!""",,"173. Warum man ""LeChaim"" sagt",,"173. ¿Por qué decimos ""Lejaim""?",,173. Neden L'chaim diyoruz,,"173. Чому кажуть ""Лехаїм!""",
1,174,ARTICLE,174 Inyan Ester,,bs-shamati-174-inyan-ester,174. Concealment,,קעד. ענין הסתר,,174. Скрытие,,174. Die Verhüllung,,174. El asunto del ocultamiento,,174. Gizlilik,,174. Приховування,
1,175,ARTICLE,175 Ve Haya,,bs-shamati-175-ve-haya,175. And If the Way Be Too Long for Thee,,קעה. והיה כי ירחק ממך,,175. Если слишком долог будет для тебя путь,,175. Wenn aber des Weges dir zu viel ist,,175. Y si el camino fuera largo para ti,,,,175. Якщо занадто довгим буде для тебе шлях,
1,176,ARTICLE,176 Be Et Shtiyat,,bs-shamati-176-be-et-shtiyat,176. When Drinking Brandy after the Havdala,,"קעו. בעת שתיית י""ש אחר ההבדלה",,176. Выпивая вино после окончания праздничного дня,,176. Beim Trinken des Branntweins nach der Hawdala,,176. Cuando se bebe brandy después la Havdalá,,176. Havdalanın ardından ne zaman Brandy içilir,,176. Випиваючи вино після закінчення святкового дня,
1,177,ARTICLE,177 Inyam Kaparot,,bs-shamati-177-inyam-kaparot,177. Atonements,,קעז. ענין כפרות,,177. По поводу искупления,,177. Sühne,,177. Expiaciones,,,,177. З приводу спокутування,
1,178,ARTICLE,178 Gimel Shutafin,,bs-shamati-178-gimel-shutafin,178. Three Partners in Man,,קעח. ענין ג' שותפין באדם,,178. Трое участвуют в создании человека,,178. Drei Partner im Menschen,,178. Tres socios dentro del hombre,,,,178. Троє беруть участь у створенні людини,
1,179,ARTICLE,179 Gimel Kavin,,bs-shamati-179-gimel-kavin,179. Three Lines,,קעט. ענין ג' קוין,,179. Три линии,,179. Drei Linien,,179. Tres lines,,,,179. Три лінії,
1,180,ARTICLE,180 Zohar Emor,,bs-shamati-180-zohar-emor,"180. In the Zohar, Amor",,"קפ. בזהר, אמור",,"180. Как написано в Зоар, Эмор",,"180. Im Sohar, Abschnitt Emor",,"180. En El Zóhar, Emor",,,,"180. Як написано в Зоар, Емор",
1,181,ARTICLE,181 Inyan Kavod,,bs-shamati-181-inyan-kavod,181. Honor,,קפא. ענין כבוד,,181. Почет,,181. Ehre,,181. Honor,,,,181. Пошана,
1,182,ARTICLE,182 Moshe Ve Shlomo,,bs-shamati-182-moshe-ve-shlomo,182. Moses and Solomon,,קפב. משה ושלמה,,182. Моше и Шломо,,182. Moses und Salomon,,182. Moisés y Salomón,,,,182. Моше і Шломо,
1,183,ARTICLE,183 Bchinat Mashiah,,bs-shamati-183-bchinat-mashiah,183. The Discernment of the Messiah,,קפג. בחינת משיח,,183. Машиах,,183. Der Aspekt von Messias (Mashiach),,183. El discernimiento del Mesías,,,,183. Машіах,
1,184,ARTICLE,184 Evdel Bein Emuna,,bs-shamati-184-evdel-bein-emuna,184. The Difference between Faith and Mind,,קפד. ההבדל בין אמונה להשכל,,184. Отличие веры от разума,,184. Der Unterschied zwischen dem Glauben und dem Verstand,,184. La diferencia entre fe y mente,,,,184. Відмінність віри від розуму,
1,185,ARTICLE,185 Am Aaretz,,bs-shamati-185-am-aaretz,"185. The Uneducated, the Fear of Shabbat Is upon Him",,"קפה. עם הארץ, אימת שבת עליו",,185. Когда к простому человеку приходит Суббота,,185. Auf dem Ungelehrten ruht die Ehrfurcht vor dem Shabbat,,185. El temor del Shabat cae sobre los ignorantes,,,,185. Коли до простої людини приходить Субота,
1,186,ARTICLE,186 Ase Shabatcha,,bs-shamati-186-ase-shabatcha,"186. Make Your Shabbat a Weekday, and Do Not Need People",,קפו. עשה שבתך חול ואל תצטרך לבריות,,186. Сделай Субботы буднями и станешь независимым от всех,,186. Mache aus deinem Shabbat einen Werktag und bedürfe der Geschöpfe nicht mehr,,"186. Haz de tu Shabat un día de semana, y no necesitarás gente",,,,186. Зроби Суботи буднями і станеш незалежним від усіх,
1,187,ARTICLE,187 Leachria Ba Yegia,,bs-shamati-187-leachria-ba-yegia,187. Choosing Labor,,קפז. להכריע ביגיעה,,187. Выбор – в большем усилии,,187. Im Bemühen überwiegen,,187. Eligiendo el trabajo,,,,187. Вибір - у великому зусиллі,
1,188,ARTICLE,188 Kol Avoda,,bs-shamati-188-kol-avoda,188. All the Work Is Only Where There Are Two Ways,,קפח. כל העבודה היא רק במקום שיש ב' דרכים,,"188. Работа возможна, если есть два пути-2",,"188. Die ganze Arbeit ist nur da, wo es zwei Wege gibt",,188. El trabajo completo existe solamente allí donde hay dos caminos,,,,"188. Робота можлива, якщо є два шляхи",
1,1189,ARTICLE,189 Biur Al Mazla,,bs-shamati-189-biur-al-mazla,,,קפט. ביאור על מזלא,,189. Смысл удачи (мазаль),,,,,,,,,
1,190,ARTICLE,190 Kol Peula,,bs-shamati-190-kol-peula,190. Every Act Leaves an Imprint,,קצ. כל פעולה עושה רושם,,190. Всякое действие оставляет след,,190. Jede Handlung hinterlässt einen Eindruck,,190. Todo acto deja una impresión,,,,190. Будь-яка дія залишає слід,
1,191,ARTICLE,191 Zman Yerida,,bs-shamati-191-zman-yerida,191. The Time of Descent,,קצא. זמן ירידה,,191. Время падения,,191. Die Zeit des Abstiegs,,191. El tiempo de descenso,,,,191. Час падіння,
1,192,ARTICLE,192 Inyan Goralot,,bs-shamati-192-inyan-goralot,192. The Lots,,קצב. ענין הגורלות,,192. Суть судьбы (жребия),,192. Die Lose,,192. Las suertes,,,,192. Сутність долі (жереба),
1,1193,ARTICLE,193 Machshava Bchinat,,bs-shamati-193-machshava-bchinat,,,,,193. Мысль - это питание души,,,,,,,,,
1,194,ARTICLE,194 Zain Shlemim,,bs-shamati-194-zain-shlemim,194. The Complete Seven,,קצד. ז' שלמים,,194. Семь полных дней,,194. Die volltändigen Sieben,,194. Los siete completos,,,,194. Сім повних днів,
1,195,ARTICLE,195 Zachu Achishena,,bs-shamati-195-zachu-achishena,195. Rewarded — I Will Hasten It,,קצה. זכו אחישנה,,195. Удостойтесь духовного развития,,"195. Sind sie würdig, dann werde Ich es beschleunigen",,195. Recompensado - Me apresuraré,,,,195. Удостойтеся духовного розвитку,
1,196,ARTICLE,196 Achiza Le Hitzoniim,,bs-shamati-196-achiza-le-hitzoniim,196. A Grip for the Externals,,קצו. אחיזה לחיצונים,,196. Присасывание эгоизма,,196. Ein Halt für die Äußeren,,196. Un asidero para los extremos,,,,196. Присмоктування егоїзму,
1,197,ARTICLE,197 Sefer Sofer Sipur,,bs-shamati-197-sefer-sofer-sipur,"197. Book, Author, Story",,קצז. ספר סופר סיפור,,"197. Книга, автор, рассказ",,"197. Das Buch, der Autor, die Geschichte",,"197. Libro, autor, cuento",,,,"197. Книга, автор, розповідь",
1,198,ARTICLE,198 Herut,,bs-shamati-198-herut,198. Freedom,,קצח. חירות,,198. Свобода,,198. Freiheit,,198. Libertad,,,,198. Свобода,
1,199,ARTICLE,199 Le Kol Ish Israel,,bs-shamati-199-le-kol-ish-israel,199. To Every Man Of Israel,,קצט. לכל איש ישראל,,199. В каждом из Исраэль,,199. Jeder Mann Israels,,199. A todo hombre de Israel,,,,199. У кожному із Ісраель,
1,200,ARTICLE,200 Izdahehut Masach,,bs-shamati-200-izdahehut-masach,,,ר. הזדככות המסך,,200. Ослабление экрана,,200. Die Reinigung des Massach,,,,,,200. Послаблення екрану,
1,201,ARTICLE,201 Ruchaniut Ve Gashmiut,,bs-shamati-201-ruchaniut-ve-gashmiut,201. Spirituality and Corporeality,,רא. רוחניות וגשמיות,,201. Духовное и материальное,,201. Spiritualität und Materialität,,201. Espiritualidad y corporalidad,,,,201. Духовне та матеріальне,
1,202,ARTICLE,202 Be Ziat Apecha,,bs-shamati-202-be-ziat-apecha,202. In the Sweat of Thy Face Shalt Thou Eat Bread,,רב. בזיעת אפיך תאכל לחם,,202. В поте лица твоего будешь есть хлеб свой-2,,202. Im Schweiße deines Angesichts sollst du dein Brot essen,,202. Te ganarás el pan con el sudor de tu frente,,,,202. У поті лиця ти їстимеш хліб свій,
1,203,ARTICLE,203 Gaavat Adam,,bs-shamati-203-gaavat-adam,203. Man's Pride Shall Bring Him Low,,רג. גאות אדם תשפלנו,,203. Высокомерие унижает человека,,203. Die Überheblichkeit des Menschen wird ihnerniedrigen,,203. El orgullo del hombre lo hará descender a un nivel muy bajo,,,,203. Зверхність принижує людину,
1,204,ARTICLE,204 Matarat Avoda,,bs-shamati-204-matarat-avoda,204. The Purpose of the Work,,רד. מטרת העבודה,,204. Цель духовной работы-2,,204. Das Ziel der spirituellen Arbeit,,204. El propósito del trabajo,,,,204. Мета духовної роботи,
1,205,ARTICLE,205 Hochma Bachutz,,bs-shamati-205-hochma-bachutz,205. Wisdom Crieth Aloud in the Streets,,רה. החכמה בחוץ תרונה,,205. Мудрость возглашает на улице,,205. Die Weisheit klagt draußen,,205. La sabiduria clama en las calles,,,,205. Мудрість виголошує на вулиці,
1,206,ARTICLE,206 Emuna Ve Taanug,,bs-shamati-206-emuna-ve-taanug,206. Faith and Pleasure,,רו. ענין אמונה ותענוג,,206. Вера и наслаждение,,206. Glaube und Genuss,,206. Fe y placer,,,,206. Віра і насолода,
1,207,ARTICLE,207 Kabala Leashpia,,bs-shamati-207-kabala-leashpia,207. Receiving in order to Bestow,,רז. ענין קבלה להשפיע,,207. Смысл получения ради отдачи,,"207. Das Empfangen, um zu geben",,207. Recibir con el propósito de otorgar,,,,207. Сенс отримання заради віддачі,
1,208,ARTICLE,208 Inyan Yegia,,bs-shamati-208-inyan-yegia,208. Labor,,רח. ענין היגיעה,,208. Смысл усилий,,208. Die Anstrengung,,208. Labor,,,,208. Сенс зусиль,
1,209,ARTICLE,209 Gimel Tnaim,,bs-shamati-209-gimel-tnaim,209. Three Conditions in Prayer,,רט. ג' תנאים בתפילה,,209. Три условия молитвы,,209. Drei Bedingungen beim Gebet,,209. Tres condiciones para una plegaria,,,,209. Три умови молитви,
1,210,ARTICLE,210 Mum Yafe,,bs-shamati-210-mum-yafe,210. A Handsome Flaw in You,,רי. מום יפה שבך,,210. Красивый порок в тебе,,210. Der schöne Makel an dir,,210. Un bello fallo en ti,,,,210. Приваблива вада в тобі,
1,211,ARTICLE,211 Ke Omed,,bs-shamati-211-ke-omed,211. As though Standing before a King,,ריא. כעומד בפני מלך,,211. Как стоящий перед Царем,,211. Der vor dem König steht,,211. Como si estuvieras erguido ante un rey,,,,211. Хто стоїть перед Царем,
1,212,ARTICLE,212 Hibuk Yamin,,bs-shamati-212-hibuk-yamin,"212. Embrace of the Right, Embrace of the Left",,ריב. חיבוק הימין וחיבוק השמאל,,212. Объятие справа и объятие слева,,212. Umarmung der Rechten und Umarmung der Linken,,"212. Abrazo de la derecha, abrazo de la izquierda",,,,212. Обійми справа і обійми зліва,
1,213,ARTICLE,213 Gilui Hisaron,,bs-shamati-213-gilui-hisaron,213. Acknowledging the Desire,,ריג. ענין גילוי החסרון,,213. Раскрытие желания,,213. Die Enthüllung des Mangels,,213. Descubriendo la carencia,,,,213. Розкриття бажання,
1,214,ARTICLE,214 Noda Be Shaarim,,bs-shamati-214-noda-be-shaarim,214. Known in the Gates,,ריד. נודע בשערים,,214. Известный в городских воротах,,214. In den Toren ist bekannt,,214. Conocido en las puertas,,,,214. Відомий при міській брамі,
1,215,ARTICLE,215 Inyan Emuna,,bs-shamati-215-inyan-emuna,215. Faith,,רטו. ענין אמונה,,215. Суть веры,,215. Der Glaube,,215. La fe,,,,215. Суть віри,
1,216,ARTICLE,216 Yamin Ve Smol,,bs-shamati-216-yamin-ve-smol,216. Right and Left,,רטז. ימין ושמאל,,216. Правое и левое,,216. Rechts und Links,,216. Derecha e izquierda,,,,216. Праве і ліве,
1,217,ARTICLE,217 Im Ein Ani Li,,bs-shamati-217-im-ein-ani-li,"217. If I Am Not for Me, Who Is for Me",,ריז. אם אין אני לי מי לי,,"217. Если не я себе, кто поможет мне?",,"217. Wenn ich nicht für mich bin, wer ist dann für mich?",,"217. Si yo no soy para mí,¿ quién será para mi?",,,,"217. Якщо не я собі, хто допоможе мені?",
1,218,ARTICLE,218 Oraita,,bs-shamati-218-oraita,218. The Torah and the Creator Are One,,"ריח. אורייתא וקוב""ה חד הוא",,218. Тора и Творец - одно,,218. Die Tora und der Schöpfer sind eins,,218. La Torá y el Creador son uno,,,,218. Тора і Творець - одне,
1,219,ARTICLE,219 Mesirut Nefesh,,bs-shamati-219-mesirut-nefesh,219. Devotion,,ריט. ענין מסירות נפש,,219. Смысл самопожертвования,,219. Die Hingabe,,219. La devoción,,,,219. Сенс самопожертви,
1,220,ARTICLE,220 Inyan Isurim,,bs-shamati-220-inyan-isurim,220. Suffering,,רכ. ענין יסורים,,220. Смысл страданий,,220. Die Leiden,,220. El sufrimiento,,,,220. Сенс страждань,
1,221,ARTICLE,221 Reshut Kol,,bs-shamati-221-reshut-kol,221. Multiple Authorities,,רכא. רשות הכל,,221. Общественное владение,,221. Gesamtherrschaft,,221. Múltiples autoridades,,,,221. Громадське володіння,
1,222,ARTICLE,222 Helek She Notnin,,bs-shamati-222-helek-she-notnin,222. The Part Given to the Sitra Achra to Separate It from the Kedusha,,"רכב. ענין חלק שנותנין לס""א, כדי שיפרד מהקדושה",,"222. Часть, отдаваемая нечистой силе, чтобы оставила святость",,"222. Der Teil, den man an die Sitra Achra abtritt, um sie von der Heiligkeit zu trennen",,222. La parte dada a la Sitra Ajra para separarla de la Kedushá,,,,"222. Частина, що віддається нечистій силі, щоб залишила святість",
1,223,ARTICLE,223 Levush Sak,,bs-shamati-223-levush-sak,"223. Clothing, Bag, Lie, Almond",,רכג. לבוש - שק - שקר - שקד,,223. Одеяние - дерюга - ложь - орех,,,,"223. Vestiduras, saco, mentira, almendra",,,,223. Вбрання - рядно - обман - горіх,
1,224,ARTICLE,224 Yesod Nukva,,bs-shamati-224-yesod-nukva,224. Yesod de Nukva And Yesod de Dechura,,רכד. ענין יסוד נוקבא ויסוד דדכורא,,224. Женская основа и мужская основа,,,,224. Yesod de Nukva y Yesod de Dejurá,,,,224. Жіноча основа і чоловіча основа,
1,225,ARTICLE,225 Leagbia Et Atzmo,,bs-shamati-225-leagbia-et-atzmo,225. Raising Oneself,,רכה. להגביה את עצמו,,225. Поднять себя,,,,225. Elevarse a si mismo,,,,225. Підняти себе,
1,226,ARTICLE,226 Tora She Bichtav,,bs-shamati-226-tora-she-bichtav,226. Written Torah and Oral Torah,,רכו. תורה שבכתב ותורה שבעל פה,,226. Письменная и устная Тора-2,,,,226. La Torá escrita y la Torá oral,,,,226. Письмова та усна Тора,
1,227,ARTICLE,227 Sachar Mitzva,,bs-shamati-227-sachar-mitzva,227. The Reward for a Mitzva – a Mitzva,,"רכז. שכר מצוה, מצוה",,227. Вознаграждение за выполнение заповеди – сама заповедь,,,,227. La recompensa por una Mitzvá: una Mitzva,,,,227. Винагорода за виконання заповіді - сама заповідь,
1,228,ARTICLE,228 Dagim Kodmim,,bs-shamati-228-dagim-kodmim,228. Fish before Meat,,רכח. דגים קודמים לבשר,,228. Рыба прежде мяса,,,,228. Pescado antes de la carne,,,,228. Риба перед м'ясом,
1,229,ARTICLE,229 Kisei Aman,,bs-shamati-229-kisei-aman,229. Haman Pockets,,רכט. כיסי המן,,229. Карманы Амана,,,,229. Los bolsillos de Hamán,,,,229. Кишені Амана,
1,230,ARTICLE,230 Ram Ashem,,bs-shamati-230-ram-ashem,230. The Lord Is High and the Low Will See,,רל. רם ה' ושפל יראה,,"230. Велик Творец, и только ничтожный узрит Его",,,,"230. El Señor es Altísimo, y los inferiores lo véran",,,,"230. Величний Творець, і тільки нікчемний побачить Його",
1,231,ARTICLE,231 Taarat Kli,,bs-shamati-231-taarat-kli,231. The Purity of the Vessels of Reception,,רלא. טהרת הכלי קבלה,,231. Исправление желания насладиться,,,,231. La pureza de las vasijas de recepción,,,,231. Виправлення бажання насолоди,
1,232,ARTICLE,232 Ashlamat Yegia,,bs-shamati-232-ashlamat-yegia,232. Completing the Labor,,רלב. השלמת היגיעה,,232. Завершение усилий,,,,232. Completando el trabajo,,,,232. Завершення зусиль,
1,233,ARTICLE,233 Mechila Slicha,,bs-shamati-233-mechila-slicha,"233. Pardon, Forgiveness, and Atonement",,רלג. ענין מחילה סליחה וכפרה,,"233. Прощение, покаяние и искупление",,,,"233. Indulto, perdón y expiación",,,,"233. Прощення, покаяння і спокута",
,,,,,,,,,,,,,,,,,,,
1,127,ARTICLE,127 Ikar Veazmut,,bs-shamati2-127-ikar-veazmut,"127. The Difference between Kernel, Essence, and Added Abundance",,"קכז. להבין ההפרש בין עיקר ועצמות, ותוספת שפע",,127. Разница между основным наполнением и добавлением света,,,,"127. La diferencia entre el núcleo central, la esencia y la abundancia agregada",,,,127. Різниця між основним наповненням і додаванням світла,
1,189,ARTICLE,189 Hamaase Poel,,bs-shamati2-189-hamaase-poel,189. The Act Affects the Thought,,קפט. המעשה פועל על המחשבה,,"189. Действие, созидающее мысль",,189. Die Handlung beeinflusst den Gedanken,,189. El acto afecta el pensamiento,,,,"189. Дія, яка створює думку",
1,193,ARTICLE,193 Kotel Leshneihem,,bs-shamati2-193-kotel-leshneihem,193. One Wall Serves Both,,קצג. ענין כותל אחד משמש לשניהם,,193. Одна Стена служит им обоим,,193. Eine Wand dient beiden,,193. Una pared sirve a ambos,,,,193. Одна Стіна служить їм обом,
1,234,ARTICLE,234 Posek Veosek,,bs-shamati2-234-posek-veosek,234. Who Ceases Words of Torah and Engages in Conversation,,רלד. הפוסק מדברי תורה ועוסק בדברי שיחה,,"234. Тот, кто оставляет слова Торы и пускается в разговоры",,,,234. Quien cesa en las palabras de la Torá y se involucra en la conversación,,,,"234. Той, хто залишає слова Тори і поринає в балачки",
1,235,ARTICLE,235 Mistakel Be Sefer,,bs-shamati2-235-mistakel-be-sefer,235. Looking in the Book Again,,רלה. מסתכל בספר מחדש,,235. Смотря в книгу заново,,,,235. Volviendo a mirar en el libro,,,,235. Дивлячись в книгу заново,
1,236,ARTICLE,236 Herpuni Zoreray,,bs-shamati2-236-herpuni-zoreray,236. Mine Adversaries Taunt Me All the Day,,רלו. כי חרפוני צוררי כל היום,,236. Ненавистники проклинают меня весь день,,,,236. Mis adversarios me injurian todo el día,,,,236. Ненависники проклинають мене весь день,
1,237,ARTICLE,237 Lo Irani Haadam,,bs-shamati2-237-lo-irani-haadam,237. For Man Shall Not See Me and Live,,רלז. כי לא יראני האדם וחי,,237. Ведь не может человек увидеть Меня и остаться в живых,,,,237. Porque nadie me puede ver y vivir,,,,237. Бо не може людина побачити Мене і залишитися живою,
1,238,ARTICLE,238 Ish Lo Ishkaheha,,bs-shamati2-238-ish-lo-ishkaheha,238. Happy Is the Man Who Does Not Forget Thee and the Son of Man Who Exerts in Thee,,רלח. אשרי איש שלא ישכחך ובן אדם יתאמץ בך,,"238. Счастлив человек, не забывающий Тебя, и сын человеческий, вкладывающий силы в Тебя",,,,"238. Feliz es el hombre que no se olvida de Ti, y el hijo del hombre que se esfuerza por Ti",,,,"238. Щаслива людина, що не забуває Тебе і та, що прикладає зусилля заради Тебе",
1,239,ARTICLE,239 Hiluk Bein Mohin,,bs-shamati2-239-hiluk-bein-mohin,239. The Difference between Mochin of Shavuot and that of Shabbat Minchah,,רלט. החילוק בין מוחין דשבועות לדשבת במנחה,,239. Различие между светом праздника Шавуот и Субботней дневной молитвы,,,,239. La diferencia entre Mojin de Shavuot de Shabat Minjá,,,,239. Різниця між світлом свята Шавуот і Суботньої денної молитви,
1,240,ARTICLE,240 Drosh Darsheiha,,bs-shamati2-240-drosh-darsheiha,240. Inquire Your Inquirers when They Inquire Your Face,,רמ. דרוש נא דורשיך בדרשם פניך,,"240. Призови ищущих Тебя, требующих раскрытия Твоего лика",,,,240. Indaga a tus inquiridores cuando ellos indaguen Tu rostro,,,,"240. Призви шукаючих Тебе, що потребують розкриття Твого лиця",
1,241,ARTICLE,241 Krauhu,,bs-shamati2-241-krauhu,241. Call Upon Him while He Is Near,,רמא. קראוהו בהיותו קרוב,,"241. Призывайте Его, пока Он близко",,,,241. Invóquenlo mientras esté cerca,,,,"241. Взивайте до Нього, поки Він близько",
1,242,ARTICLE,242 Lesameah Aniim,,bs-shamati2-242-lesameah-aniim,"242. What Is the Matter of Delighting the Poor on a Good Day, in the Work",,"רמב. מהו הענין לשמח העניים ביום טוב, בעבודה",,242. Порадовать нищего в праздничный день,,,,"242. ¿Qué significa ""deleitar a los pobres en un día festivo"", en el trabajo?",,,,242. Порадувати вбогого у святковий день,
1,243,ARTICLE,243 Bdikat Zel,,bs-shamati2-243-bdikat-zel,243. Examining the Shade on the Night of Hoshana Rabbah,,רמג. ענין בדיקת הצל בליל הושענא רבה,,243. Почему проверяют тень в ночь Ошана Раба,,,,243. Examinando la sombra en la noche de Hoshana Raba,,,,243. Чому перевіряють тінь в ніч Ошана Раба,